City_ID,City,Country,Lat,Lng,Max Temp,Humidity,Cloudiness,Wind Speed,Current Description
0,Mahebourg,MU,-20.4081,57.7,72.25,79,7,14.92,light rain
1,Bluff,NZ,-46.6,168.3333,42.94,82,97,8.3,overcast clouds
2,Bethel,US,41.3712,-73.414,65.52,63,100,0.0,overcast clouds
3,Yueyang,CN,29.3333,113.0919,80.78,47,4,6.42,clear sky
4,Punta Arenas,CL,-53.15,-70.9167,46.51,45,0,20.71,clear sky
5,Busselton,AU,-33.65,115.3333,51.85,88,17,5.28,few clouds
6,Georgetown,MY,5.4112,100.3354,84.13,88,20,3.44,few clouds
7,Liwale,TZ,-9.7667,37.9333,84.45,21,14,6.06,few clouds
8,Pisco,PE,-13.7,-76.2167,64.45,72,24,12.66,haze
9,Foam Lake,CA,51.65,-103.5343,53.85,65,14,3.71,few clouds
10,Carnarvon,AU,-24.8667,113.6333,66.92,74,0,17.49,clear sky
11,Tibati,CM,6.4667,12.6333,74.19,86,88,1.34,moderate rain
12,Bengkulu,ID,-3.8004,102.2655,76.3,88,97,4.07,overcast clouds
13,Bambous Virieux,MU,-20.3428,57.7575,72.21,78,9,14.63,light rain
14,Atuona,PF,-9.8,-139.0333,77.02,71,18,19.89,few clouds
15,Constitucion,CL,-35.3333,-72.4167,50.16,93,100,8.25,overcast clouds
16,Phalaborwa,ZA,-23.943,31.1411,90.97,14,0,8.23,clear sky
17,Sur,OM,22.5667,59.5289,87.57,61,3,0.83,clear sky
18,Hermanus,ZA,-34.4187,19.2345,56.8,72,100,10.76,light rain
19,Yurecuaro,MX,20.3333,-102.3,66.92,72,68,5.35,broken clouds
20,Mataura,NZ,-46.1927,168.8643,36.81,97,88,3.44,overcast clouds
21,Puerto Ayora,EC,-0.7393,-90.3518,67.55,86,79,1.99,broken clouds
22,Scottsbluff,US,41.8666,-103.6672,64.78,64,0,5.75,clear sky
23,Japura,ID,-0.3167,102.35,74.88,95,97,1.72,overcast clouds
24,Karratha,AU,-20.7377,116.8463,73.45,55,5,6.69,light rain
25,Deogarh,IN,21.5333,84.7333,78.46,91,100,2.46,overcast clouds
26,Arraial Do Cabo,BR,-22.9661,-42.0278,67.71,62,4,15.17,clear sky
27,Kismayo,SO,-0.3582,42.5454,76.87,76,43,14.83,scattered clouds
28,Challans,FR,46.8436,-1.8749,68.97,31,5,8.75,clear sky
29,Chernaya Kholunitsa,RU,58.8511,51.7154,54.91,98,100,11.23,light rain
30,Ambilobe,MG,-13.2,49.05,77.0,51,46,3.56,scattered clouds
31,Kapaa,US,22.0752,-159.319,73.38,83,0,8.05,clear sky
32,Cape Town,ZA,-33.9258,18.4232,61.27,64,100,5.01,overcast clouds
33,Torbay,CA,47.6666,-52.7314,59.88,76,91,10.0,overcast clouds
34,Faanui,PF,-16.4833,-151.75,78.76,61,94,19.35,overcast clouds
35,Ribeira Grande,PT,38.5167,-28.7,75.6,88,75,16.11,light intensity shower rain
36,Sakakah,SA,29.9697,40.2064,97.45,11,0,10.27,clear sky
37,East London,ZA,-33.0153,27.9116,66.04,78,61,5.17,broken clouds
38,Finnsnes,NO,69.2296,17.9811,50.61,75,95,5.73,light rain
39,Bathsheba,BB,13.2167,-59.5167,88.41,74,75,14.97,broken clouds
40,Ushuaia,AR,-54.8,-68.3,40.66,70,40,33.38,scattered clouds
41,Laguna,US,38.421,-121.4238,63.32,81,0,5.75,clear sky
42,Bud,US,39.447,-86.1758,78.21,72,81,5.84,broken clouds
43,Fortuna,US,40.5982,-124.1573,53.65,91,100,3.0,overcast clouds
44,Rikitea,PF,-23.1203,-134.9692,72.32,75,0,18.68,clear sky
45,Cocorit,MX,27.5833,-109.9667,80.94,60,0,5.12,clear sky
46,Grand Gaube,MU,-20.0064,57.6608,72.37,70,0,8.01,clear sky
47,Lebu,CL,-37.6167,-73.65,44.78,78,99,15.19,overcast clouds
48,Byron Bay,AU,-28.65,153.6167,51.76,58,0,6.85,clear sky
49,Hervey Bay,AU,-25.2986,152.8535,67.01,92,1,15.99,clear sky
50,Henties Bay,NA,-22.116,14.2845,59.63,83,22,11.05,few clouds
51,Jamestown,US,42.097,-79.2353,74.52,71,0,5.75,clear sky
52,Port Alfred,ZA,-33.5906,26.891,62.19,93,73,5.01,broken clouds
53,Qaanaaq,GL,77.484,-69.3632,29.95,63,1,5.14,clear sky
54,Hrymayliv,UA,49.3321,26.0111,58.93,61,100,6.6,overcast clouds
55,Bollnas,SE,61.3482,16.3946,51.58,79,99,8.5,overcast clouds
56,Sitka,US,57.0531,-135.33,44.49,100,0,3.44,clear sky
57,Dombarovskiy,RU,50.7587,59.5386,64.78,64,90,5.21,overcast clouds
58,Vaini,TO,-21.2,-175.2,73.56,94,40,9.22,scattered clouds
59,Cabo San Lucas,MX,22.8909,-109.9124,86.5,74,83,5.21,broken clouds
60,Comodoro Rivadavia,AR,-45.8667,-67.5,49.86,27,0,9.22,clear sky
61,Peno,RU,56.9262,32.7426,52.45,74,100,10.07,overcast clouds
62,Ozernovskiy,RU,51.5,156.5167,50.77,82,3,18.79,light rain
63,Aklavik,CA,68.2191,-135.0107,37.54,93,83,9.35,broken clouds
64,Nizhnekamsk,RU,55.6366,51.8245,61.59,100,100,11.18,overcast clouds
65,San-Pedro,CI,4.7485,-6.6363,79.56,77,89,11.65,overcast clouds
66,Sorland,NO,67.667,12.6934,53.46,80,40,21.97,scattered clouds
67,Port Elizabeth,ZA,-33.918,25.5701,64.09,84,83,7.0,broken clouds
68,Norman Wells,CA,65.282,-126.8329,43.29,85,5,4.76,clear sky
69,Barrow,US,71.2906,-156.7887,33.82,93,100,24.16,overcast clouds
70,Puerto Del Rosario,ES,28.5004,-13.8627,83.95,58,40,18.41,scattered clouds
71,Wajir,KE,1.7471,40.0573,91.44,26,15,14.07,few clouds
72,Castro,BR,-24.7911,-50.0119,58.95,60,35,10.07,scattered clouds
73,Kafanchan,NG,9.5833,8.3,71.64,84,100,6.76,overcast clouds
74,Kavieng,PG,-2.5744,150.7967,81.77,75,32,11.23,light rain
75,Zhaodong,CN,46.0833,125.9833,60.31,92,0,13.44,clear sky
76,Ixtapa,MX,20.7,-105.2,81.23,89,75,4.61,broken clouds
77,Bredasdorp,ZA,-34.5322,20.0403,56.91,71,100,11.07,overcast clouds
78,Port Hardy,CA,50.6996,-127.4199,48.45,84,21,2.06,few clouds
79,Makakilo City,US,21.3469,-158.0858,73.56,87,20,3.44,few clouds
80,Akdagmadeni,TR,39.6603,35.8836,81.55,20,29,5.08,scattered clouds
81,Athabasca,CA,54.7169,-113.2854,51.26,84,7,2.39,clear sky
82,Sabha,LY,27.0377,14.4283,98.87,8,0,1.86,clear sky
83,Avarua,CK,-21.2078,-159.775,69.85,88,20,2.3,few clouds
84,Meulaboh,ID,4.1363,96.1285,76.75,85,64,1.9,moderate rain
85,Albany,US,42.6001,-73.9662,62.42,58,100,1.66,overcast clouds
86,Saldanha,ZA,-33.0117,17.9442,57.6,73,100,16.06,overcast clouds
87,Hilo,US,19.7297,-155.09,83.28,87,14,4.0,few clouds
88,Kang,BW,-23.6752,22.7876,85.91,8,0,6.44,clear sky
89,Duncan,US,34.5023,-97.9578,82.29,69,0,12.66,clear sky
90,Khatanga,RU,71.9667,102.5,26.47,87,70,8.72,broken clouds
91,Iesolo,IT,45.5331,12.6448,65.1,65,66,4.68,broken clouds
92,Jalu,LY,29.0331,21.5482,94.77,14,0,6.64,clear sky
93,Hithadhoo,MV,-0.6,73.0833,82.44,69,11,7.61,few clouds
94,Nikolskoye,RU,59.7035,30.7861,57.09,91,90,9.01,overcast clouds
95,Margate,GB,51.3813,1.3862,64.69,47,28,8.01,scattered clouds
96,Tahta,EG,26.7693,31.5021,92.23,18,0,15.01,clear sky
97,Kaitangata,NZ,-46.2817,169.8464,39.92,93,65,4.23,broken clouds
98,Buncrana,IE,55.1333,-7.45,60.57,63,84,8.77,broken clouds
99,Hobart,AU,-42.8794,147.3294,49.05,84,40,6.91,scattered clouds
100,Yellowknife,CA,62.456,-114.3525,45.12,100,100,10.0,overcast clouds
101,Tela,HN,15.7833,-87.45,78.75,94,75,2.3,broken clouds
102,Waitati,NZ,-45.75,170.5667,44.8,77,74,5.64,broken clouds
103,Beloha,MG,-25.1667,45.05,76.1,50,48,13.58,scattered clouds
104,Mingguang,CN,32.7802,117.9638,70.66,89,1,6.69,clear sky
105,Petropavlovsk-Kamchatskiy,RU,53.0452,158.6483,42.57,77,2,15.48,clear sky
106,Wanning,CN,18.8003,110.3967,79.79,80,59,2.51,broken clouds
107,Bandarbeyla,SO,9.4942,50.8122,77.32,85,50,30.53,scattered clouds
108,Moindou,NC,-21.6924,165.677,69.8,74,3,6.58,clear sky
109,Linjiang,CN,41.8069,126.9078,63.41,98,100,1.23,overcast clouds
110,Provideniya,RU,64.3833,-173.3,45.25,91,100,11.59,overcast clouds
111,Lompoc,US,34.6391,-120.4579,59.52,88,100,13.8,overcast clouds
112,La Orilla,MX,17.9833,-102.2333,78.22,85,100,1.63,overcast clouds
113,Flin Flon,CA,54.7682,-101.865,55.17,53,20,7.18,few clouds
114,Bilma,NE,18.6853,12.9164,102.9,20,31,8.77,scattered clouds
115,Caravelas,BR,-17.7125,-39.2481,68.95,88,83,15.52,broken clouds
116,Tasiilaq,GL,65.6145,-37.6368,39.36,97,100,15.14,light rain
117,Spencer,US,43.1414,-95.1444,69.84,90,98,12.35,overcast clouds
118,Tuatapere,NZ,-46.1333,167.6833,39.52,91,95,5.44,overcast clouds
119,Kysyl-Syr,RU,63.8986,122.7617,34.75,78,98,4.65,overcast clouds
120,Butaritari,KI,3.0707,172.7902,81.7,68,41,11.95,scattered clouds
121,Malakal,SS,9.5334,31.6605,78.75,83,72,1.36,broken clouds
122,Maumere,ID,-8.6199,122.2111,78.87,80,68,0.72,broken clouds
123,Palana,RU,59.1167,159.9667,41.58,65,56,16.69,broken clouds
124,Martinsville,US,36.6915,-79.8725,75.0,82,0,0.0,clear sky
125,Talnakh,RU,69.4865,88.3972,34.21,76,100,8.25,overcast clouds
126,Nouadhibou,MR,20.931,-17.0347,74.19,80,4,21.97,clear sky
127,Gao,ML,16.6362,1.637,96.98,30,39,9.66,scattered clouds
128,Chokurdakh,RU,70.6333,147.9167,32.86,73,81,6.62,broken clouds
129,Namibe,AO,-15.1961,12.1522,70.61,75,21,11.65,few clouds
130,Heihe,CN,50.2441,127.4902,54.99,96,100,10.94,overcast clouds
131,College,US,64.8569,-147.8028,46.9,85,40,0.0,scattered clouds
132,Narsaq,GL,60.9167,-46.05,57.42,75,100,4.88,light rain
133,Pevek,RU,69.7008,170.3133,33.66,99,100,19.53,light snow
134,Iseyin,NG,7.9667,3.6,78.39,78,100,3.87,light rain
135,Mar Del Plata,AR,-38.0023,-57.5575,66.22,87,0,25.01,clear sky
136,Cidreira,BR,-30.1811,-50.2056,64.15,68,0,14.12,clear sky
137,Vestmannaeyjar,IS,63.4427,-20.2734,52.79,62,0,5.75,clear sky
138,Sweetwater,US,25.7634,-80.3731,90.0,75,75,11.5,broken clouds
139,Moose Factory,CA,51.2585,-80.6094,59.0,43,100,4.54,overcast clouds
140,Omboue,GA,-1.5746,9.2618,78.6,72,91,10.94,overcast clouds
141,Lucea,JM,18.451,-78.1736,88.86,68,3,14.14,clear sky
142,Svetlyy,RU,54.675,20.1347,55.45,77,20,8.95,few clouds
143,Vardo,NO,70.3705,31.1107,46.38,93,100,25.32,light intensity shower rain
144,Abnub,EG,27.2696,31.1511,91.76,19,0,13.42,clear sky
145,Kruisfontein,ZA,-34.0033,24.7314,61.88,72,92,13.69,overcast clouds
146,Galesong,ID,-5.3166,119.3661,77.02,71,81,4.74,broken clouds
147,Saint-Philippe,RE,-21.3585,55.7679,71.19,83,38,14.07,light rain
148,San Quintin,MX,30.4833,-115.95,67.64,75,96,7.78,overcast clouds
149,Dikson,RU,73.5069,80.5464,33.31,81,70,11.05,broken clouds
150,Benguela,AO,-12.5763,13.4055,75.6,69,70,10.6,broken clouds
151,Upernavik,GL,72.7868,-56.1549,34.34,63,52,17.16,broken clouds
152,Coahuayana,MX,18.7333,-103.6833,76.23,92,98,2.89,overcast clouds
153,Bagdarin,RU,54.4333,113.6,34.9,68,64,5.95,broken clouds
154,Erenhot,CN,43.6475,111.9767,57.45,31,3,5.08,clear sky
155,San Patricio,US,28.017,-97.5169,89.83,65,2,8.57,clear sky
156,Masterton,NZ,-40.9597,175.6575,48.88,96,90,1.9,overcast clouds
157,Saskylakh,RU,71.9167,114.0833,34.21,91,100,14.45,overcast clouds
158,Clarence Town,AU,-32.5833,151.7833,61.95,58,4,11.41,clear sky
159,Iroquois Falls,CA,48.7669,-80.6831,48.36,91,100,8.1,moderate rain
160,Along,IN,28.1667,94.7667,74.21,98,63,0.69,broken clouds
161,Beaverton,US,45.4871,-122.8037,54.41,88,0,4.0,clear sky
162,Moron,AR,-34.6534,-58.6198,73.94,62,100,11.77,overcast clouds
163,Saint-Georges,GD,12.0564,-61.7485,85.89,69,65,16.11,broken clouds
164,Lata,PT,40.1629,-8.3327,86.92,46,79,2.42,broken clouds
165,Pacifica,US,37.6138,-122.4869,60.48,89,75,13.8,mist
166,Pravia,ES,43.4906,-6.1508,68.68,60,40,17.27,scattered clouds
167,Tiksi,RU,71.6872,128.8694,35.44,98,100,4.38,overcast clouds
168,Hasaki,JP,35.7333,140.8333,77.4,81,100,11.74,overcast clouds
169,Tual,ID,-5.6667,132.75,80.73,75,100,10.49,overcast clouds
170,Clyde River,CA,70.4692,-68.5914,36.72,82,100,12.88,overcast clouds
171,Impfondo,CG,1.6381,18.0667,73.78,97,100,1.57,light rain
172,Llanes,ES,43.4198,-4.7549,68.59,64,100,18.68,overcast clouds
173,Les Cayes,HT,18.2,-73.75,88.83,59,4,4.94,clear sky
174,Mogadishu,SO,2.0371,45.3438,77.18,82,39,17.69,scattered clouds
175,Takaungu,KE,-3.6837,39.8566,76.64,71,19,12.77,few clouds
176,Osakarovka,KZ,50.565,72.5692,50.29,38,0,9.89,clear sky
177,Praxedis Guerrero,MX,31.3667,-106.0167,76.46,36,0,11.86,clear sky
178,Kavaratti,IN,10.5669,72.642,80.82,79,100,11.81,overcast clouds
179,Kutum,SD,14.2,24.6667,76.41,51,100,10.38,overcast clouds
180,Lagoa,PT,39.05,-27.9833,73.33,81,5,8.99,clear sky
181,Goderich,CA,43.7501,-81.7165,72.91,75,97,13.27,overcast clouds
182,Miri,MY,4.4148,114.0089,80.31,77,100,1.3,overcast clouds
183,Abu Dhabi,AE,24.4667,54.3667,95.11,52,20,6.91,few clouds
184,Kalmunai,LK,7.4167,81.8167,81.46,78,68,0.47,broken clouds
185,Araouane,ML,18.9048,-3.5265,102.85,13,26,6.55,scattered clouds
186,Matagami,CA,49.7502,-77.6328,55.08,46,100,4.38,overcast clouds
187,Baghdad,IQ,33.3406,44.4009,98.51,14,0,5.75,clear sky
188,Tuktoyaktuk,CA,69.4541,-133.0374,39.63,90,100,15.08,overcast clouds
189,Covington,US,39.0837,-84.5086,79.25,73,0,9.22,clear sky
190,New Norfolk,AU,-42.7826,147.0587,48.7,78,100,2.8,light rain
191,Acarau,BR,-2.8856,-40.12,88.41,55,42,17.52,scattered clouds
192,Bulgan,MN,48.8125,103.5347,40.66,79,82,2.21,broken clouds
193,Khash,IR,28.2211,61.2158,82.26,11,6,18.63,clear sky
194,Tibiri,NE,13.5627,7.0485,82.15,61,100,11.63,overcast clouds
195,Basco,PH,20.4487,121.9702,83.43,74,99,16.53,overcast clouds
196,Cabatuan,PH,10.8794,122.486,76.57,84,93,4.72,overcast clouds
197,Svetlogorsk,BY,52.6333,29.7333,59.59,53,100,6.64,overcast clouds
198,Oberstdorf,DE,47.4,10.2833,45.64,91,100,1.99,light rain
199,Sakata,JP,38.9167,139.855,73.2,88,93,10.33,overcast clouds
200,Kodiak,US,57.79,-152.4072,54.91,82,20,8.05,few clouds
201,Williams Lake,CA,52.1415,-122.1445,40.05,89,81,0.69,broken clouds
202,Clonakilty,IE,51.6231,-8.8706,61.81,63,70,5.28,broken clouds
203,Gat,IL,31.61,34.7642,85.41,100,0,14.79,clear sky
204,Skibbereen,IE,51.55,-9.2667,59.76,62,65,5.1,broken clouds
205,Raudeberg,NO,61.9875,5.1352,49.96,72,100,27.72,overcast clouds
206,Cherskiy,RU,68.75,161.3,30.97,78,100,14.16,overcast clouds
207,Madoc,CA,44.5084,-77.4745,67.96,64,90,5.5,overcast clouds
208,Takoradi,GH,4.8845,-1.7554,80.02,73,53,10.74,broken clouds
209,Zalantun,CN,48.0,122.7167,50.59,56,0,13.11,clear sky
210,Padang,ID,-0.9492,100.3543,77.18,88,99,3.13,light rain
211,Neiafu,TO,-18.65,-173.9833,75.88,94,20,0.0,few clouds
212,Alagoinhas,BR,-12.1356,-38.4192,83.79,53,66,6.44,broken clouds
213,Pascagoula,US,30.3658,-88.5561,84.33,72,0,8.05,clear sky
214,Emba,KZ,48.8264,58.1442,68.77,49,69,1.03,broken clouds
215,Marsa Matruh,EG,31.3525,27.2453,78.98,46,0,9.04,clear sky
216,Deputatskiy,RU,69.3,139.9,28.29,92,100,3.89,overcast clouds
217,Berdigestyakh,RU,62.0989,126.6992,35.6,97,43,4.21,scattered clouds
218,Necochea,AR,-38.5473,-58.7368,65.73,61,100,16.26,moderate rain
219,Severo-Kurilsk,RU,50.6789,156.125,49.35,89,15,13.38,few clouds
220,Jiutai,CN,44.1525,125.8328,59.2,95,0,8.48,clear sky
221,Walvis Bay,NA,-22.9575,14.5053,58.08,74,35,15.97,scattered clouds
222,Bilibino,RU,68.0546,166.4372,27.93,81,100,5.19,overcast clouds
223,Palmares Do Sul,BR,-30.2578,-50.5097,67.98,54,0,17.38,clear sky
224,Tay Ninh,VN,11.3,106.1,78.76,87,100,6.67,overcast clouds
225,Ahipara,NZ,-35.1667,173.1667,46.89,81,8,4.18,clear sky
226,Moanda,GA,-1.5575,13.2178,81.63,65,100,2.13,overcast clouds
227,Gamba,GA,-2.65,10.0,76.41,79,100,11.01,overcast clouds
228,Tarko-Sale,RU,64.9225,77.785,51.08,61,99,12.97,overcast clouds
229,Portland,US,45.5234,-122.6762,55.36,89,75,4.0,broken clouds
230,Lucapa,AO,-8.4192,20.7447,82.71,40,98,4.43,overcast clouds
231,Stonewall,CA,50.1344,-97.3268,56.79,96,100,5.5,overcast clouds
232,Zhigansk,RU,66.7697,123.3711,30.52,88,90,10.98,overcast clouds
233,Borovoy,RU,55.4333,86.0833,49.28,57,0,6.71,clear sky
234,Tinglev,DK,54.931,9.2524,58.78,77,96,20.71,overcast clouds
235,San Lazaro,BZ,18.0387,-88.6622,82.26,85,48,8.1,scattered clouds
236,Lorengau,PG,-2.0226,147.2712,81.41,76,71,5.91,broken clouds
237,Beringovskiy,RU,63.05,179.3167,39.92,94,100,30.62,overcast clouds
238,Luderitz,NA,-26.6481,15.1594,64.99,65,83,27.81,broken clouds
239,Matay,EG,28.419,30.7792,90.66,21,0,10.4,clear sky
240,Middelburg,ZA,-25.7751,29.4648,79.59,16,6,9.46,clear sky
241,Tura,IN,25.5198,90.2201,75.22,89,35,4.07,scattered clouds
242,North Branch,US,45.5113,-92.9802,70.12,99,73,1.01,broken clouds
243,Tuscaloosa,US,33.2098,-87.5692,79.21,71,40,4.61,scattered clouds
244,Cayenne,GF,4.9333,-52.3333,89.64,62,75,12.66,broken clouds
245,Wajima,JP,37.4,136.9,77.22,76,92,6.42,overcast clouds
246,Novyy Oskol,RU,50.7631,37.8691,60.31,62,100,7.52,overcast clouds
247,Altagracia De Orituco,VE,9.8601,-66.3814,86.97,54,50,6.82,scattered clouds
248,Axim,GH,4.8699,-2.2405,81.36,68,52,9.24,broken clouds
249,Touros,BR,-5.1989,-35.4608,85.08,57,40,14.05,scattered clouds
250,Okhotsk,RU,59.3833,143.3,44.11,63,24,4.16,few clouds
251,Idaho Falls,US,43.4666,-112.0341,53.38,82,0,4.61,clear sky
252,Huilong,CN,31.8111,121.655,76.93,93,4,8.72,clear sky
253,Amahai,ID,-3.3333,128.9167,75.45,90,100,3.98,light rain
254,Puerto Escondido,MX,15.85,-97.0667,76.03,64,100,5.75,overcast clouds
255,Yunyang,CN,33.4474,112.7142,79.59,49,99,1.83,overcast clouds
256,Honningsvag,NO,70.9821,25.9704,46.15,93,100,21.85,light rain
257,Esperance,AU,-33.8667,121.9,57.18,79,60,7.31,broken clouds
258,Chuy,UY,-33.6971,-53.4616,65.84,59,100,13.65,overcast clouds
259,Termiz,UZ,37.2242,67.2783,78.89,25,3,0.0,haze
260,Rio Grande,BR,-32.035,-52.0986,67.95,67,28,17.4,scattered clouds
261,Mount Isa,AU,-20.7333,139.5,74.97,19,3,10.36,clear sky
262,Zaragoza,ES,41.6561,-0.8773,77.86,30,0,8.05,clear sky
263,Isangel,VU,-19.55,169.2667,72.82,86,33,10.78,scattered clouds
264,Behbahan,IR,30.5959,50.2417,93.87,10,0,7.4,clear sky
265,Pudozh,RU,61.8099,36.5345,49.5,91,100,8.34,overcast clouds
266,Dolores,AR,-36.3132,-57.6792,66.6,57,100,14.94,overcast clouds
267,Rabo De Peixe,PT,37.8,-25.5833,76.51,65,20,12.66,few clouds
268,Ilulissat,GL,69.2167,-51.1,44.62,76,75,3.44,broken clouds
269,Casma,CL,-41.0082,-73.1244,46.0,76,98,5.91,overcast clouds
270,Haimen,CN,23.1935,116.6142,79.16,85,73,6.82,broken clouds
271,Malinyi,TZ,-8.9333,36.1333,87.1,32,22,2.55,few clouds
272,Nagaur,IN,27.2,73.7333,84.6,49,3,13.58,clear sky
273,Khandyga,RU,62.6667,135.6,41.81,73,100,8.68,overcast clouds
274,Churapcha,RU,62.0025,132.4325,39.92,90,100,4.45,overcast clouds
275,Port Lincoln,AU,-34.7333,135.8667,54.52,77,100,16.89,overcast clouds
276,Codrington,AU,-38.2667,141.9667,51.01,81,99,21.56,overcast clouds
277,Yinchuan,CN,38.4681,106.2731,76.1,32,87,4.12,overcast clouds
278,Port Hedland,AU,-20.3167,118.5667,68.05,73,9,4.61,clear sky
279,Anori,BR,-3.7728,-61.6442,98.85,34,100,1.28,overcast clouds
280,Agucadoura,PT,41.4318,-8.7804,84.31,59,100,9.42,overcast clouds
281,Fairbanks,US,64.8378,-147.7164,46.92,86,0,1.99,clear sky
282,Chumikan,RU,54.7183,135.315,50.56,74,98,14.74,overcast clouds
283,Turukhansk,RU,65.8167,87.9833,39.51,87,100,7.85,overcast clouds
284,Vanimo,PG,-2.6741,141.3028,77.2,88,20,3.29,few clouds
285,Shingu,JP,33.7333,135.9833,79.54,94,100,15.28,overcast clouds
286,Orotukan,RU,62.2667,151.7,33.12,67,0,6.15,clear sky
287,Geraldton,AU,-28.7667,114.6,54.01,94,0,5.75,clear sky
288,Erzin,TR,36.9559,36.2,82.18,64,0,6.11,clear sky
289,Jarville-La-Malgrange,FR,48.6691,6.2064,57.52,74,75,16.11,broken clouds
290,Guerrero Negro,MX,27.9769,-114.0611,69.48,77,1,14.99,clear sky
291,Waspan,NI,14.7419,-83.9717,82.27,81,100,2.08,overcast clouds
292,Luanshya,ZM,-13.1367,28.4166,86.38,16,63,2.73,broken clouds
293,Opuwo,NA,-18.0607,13.84,91.27,10,1,3.38,clear sky
294,Berlevag,NO,70.8578,29.0864,46.35,87,100,26.46,overcast clouds
295,Finschhafen,PG,-6.6024,147.8681,79.41,84,17,8.72,few clouds
296,Yeppoon,AU,-23.1333,150.7333,60.58,95,6,4.56,clear sky
297,Serebryansk,KZ,49.6925,83.2892,48.49,46,0,3.78,clear sky
298,Yambio,SS,4.5721,28.3955,77.38,89,43,3.18,light rain
299,Campo Maior,BR,-4.8278,-42.1686,100.74,24,85,4.45,overcast clouds
300,Aransas Pass,US,27.9095,-97.15,89.98,74,40,11.01,scattered clouds
301,Laramie,US,41.3114,-105.5911,59.54,63,0,10.36,clear sky
302,Nadvoitsy,RU,63.8667,34.3167,52.41,81,100,4.65,light rain
303,Iqaluit,CA,63.7506,-68.5145,45.7,65,100,11.99,overcast clouds
304,Wonthaggi,AU,-38.6044,145.5913,51.82,81,69,21.59,broken clouds
305,Khuldabad,IN,20.05,75.1833,70.63,90,90,5.75,overcast clouds
306,Khasan,RU,42.4308,130.6434,67.57,96,100,4.63,overcast clouds
307,Thinadhoo,MV,0.5333,72.9333,82.49,67,12,8.43,few clouds
308,Westerland,DE,54.9079,8.3033,57.94,72,40,27.63,scattered clouds
309,Guiren,CN,33.6697,118.1889,68.85,93,0,5.99,clear sky
310,Shache,CN,38.4167,77.2406,72.72,24,100,4.83,overcast clouds
311,Kahului,US,20.8947,-156.47,74.84,77,0,3.44,clear sky
312,Yenangyaung,MM,20.4667,94.8833,80.74,81,95,7.47,overcast clouds
313,Akhisar,TR,38.9185,27.8401,95.9,17,0,9.15,clear sky
314,Berezovyy,RU,51.6667,135.7,45.09,94,100,2.48,overcast clouds
315,Agadez,NE,19.75,10.25,103.03,11,35,4.23,scattered clouds
316,Yabrud,SY,33.9674,36.6574,79.84,19,0,6.46,clear sky
317,Caraquet,CA,47.7941,-64.9386,57.52,54,0,17.76,clear sky
318,Mulege,MX,26.8833,-111.9833,85.55,52,0,1.88,clear sky
319,Bira,RU,49.0,132.4667,54.39,96,100,2.91,overcast clouds
320,Ihosy,MG,-22.4,46.1167,66.18,73,79,12.08,broken clouds
321,Seguela,CI,7.9611,-6.6731,77.99,77,96,6.17,overcast clouds
322,Haines Junction,CA,60.7522,-137.5108,35.13,92,15,3.6,few clouds
323,Roald,NO,62.5833,6.1333,53.76,87,75,17.27,broken clouds
324,Concordia,AR,-31.393,-58.0209,70.79,61,100,21.0,overcast clouds
325,Oeiras Do Para,BR,-2.0031,-49.8544,94.84,41,48,6.13,scattered clouds
326,Itupiranga,BR,-5.1347,-49.3267,93.52,34,98,2.84,overcast clouds
327,Saint George,US,37.1041,-113.5841,66.79,63,0,3.44,clear sky
328,Half Moon Bay,US,37.4636,-122.4286,60.66,85,100,13.8,mist
329,Samarai,PG,-10.6167,150.6667,81.64,79,70,10.33,broken clouds
330,Chernyshevskiy,RU,63.0128,112.4714,29.37,78,57,8.46,broken clouds
331,Katsuura,JP,35.1333,140.3,78.96,87,100,11.32,overcast clouds
332,Inuvik,CA,68.3499,-133.7218,38.95,89,93,8.16,overcast clouds
333,Ereymentau,KZ,51.6199,73.1033,50.4,45,6,7.47,clear sky
334,Marsh Harbour,BS,26.5412,-77.0636,84.51,69,33,13.38,scattered clouds
335,Aguimes,ES,27.9054,-15.4461,83.03,42,20,16.11,few clouds
336,Krasnyy Yar,RU,46.5331,48.3456,75.13,72,100,10.6,overcast clouds
337,Tucuman,AR,-26.8241,-65.2226,77.0,23,2,3.44,clear sky
338,Pahrump,US,36.2083,-115.9839,73.94,28,0,10.18,clear sky
339,Bolobo,CD,-2.1667,16.2333,83.52,61,100,3.58,overcast clouds
340,Yar-Sale,RU,66.8333,70.8333,51.22,66,100,9.53,overcast clouds
341,Qasigiannguit,GL,68.8193,-51.1922,44.85,88,100,1.28,overcast clouds
342,Ponta Delgada,PT,37.7333,-25.6667,77.72,65,20,12.66,few clouds
343,Sao Jose Da Coroa Grande,BR,-8.8978,-35.1478,80.22,64,13,10.07,few clouds
344,Brvenica,MK,41.9672,20.9808,73.2,69,100,7.38,overcast clouds
345,Masuguru,TZ,-11.3667,38.4167,89.91,18,6,1.54,clear sky
346,Casablanca,MA,33.5928,-7.6192,80.82,65,6,5.99,clear sky
347,Fussen,DE,47.8739,12.1695,52.59,88,100,7.31,overcast clouds
348,Dera Ghazi Khan,PK,30.0561,70.6348,92.01,30,0,7.11,clear sky
349,Baculin,PH,7.4525,126.5842,80.11,86,99,9.98,overcast clouds
350,Santa Cruz,BO,-17.8,-63.1667,86.05,39,0,21.85,clear sky
351,Ust-Ishim,RU,57.6935,71.1665,48.9,67,94,5.91,overcast clouds
352,Ouadda,CF,8.0777,22.4007,72.37,91,95,2.93,moderate rain
353,Lago Da Pedra,BR,-4.3333,-45.1667,96.58,35,96,4.68,overcast clouds
354,Pirdop,BG,42.7,24.1833,66.67,87,100,7.43,moderate rain
355,Halifax,CA,44.6453,-63.5724,63.21,51,1,7.0,clear sky
356,Shuangcheng,CN,45.35,126.2833,59.77,91,1,11.92,clear sky
357,Methoni,GR,36.8197,21.7049,89.46,75,0,11.74,clear sky
358,Taoudenni,ML,22.6783,-3.9836,107.24,10,0,10.27,clear sky
359,Madang,PG,-5.2246,145.7966,75.24,89,38,3.85,scattered clouds
360,Chiredzi,ZW,-21.05,31.6667,90.09,11,0,8.37,clear sky
361,Ponta Do Sol,PT,32.6667,-17.1,83.71,75,9,10.29,light rain
362,Alta Floresta,BR,-9.8756,-56.0861,102.78,23,11,3.69,few clouds
363,San Cristobal,VE,7.7669,-72.225,78.98,48,94,5.06,overcast clouds
364,Pachino,IT,36.7186,15.0907,83.91,57,32,22.44,scattered clouds
365,Longyearbyen,SJ,78.2186,15.6401,28.24,74,40,9.22,scattered clouds
366,Pergamino,AR,-33.89,-60.5736,75.04,38,100,16.8,overcast clouds
367,Kikerino,RU,59.4667,29.6333,51.53,92,94,10.0,overcast clouds
368,Tongliao,CN,43.6125,122.2653,60.57,32,0,9.69,clear sky
369,Mopipi,BW,-21.1833,24.8833,87.57,10,0,6.53,clear sky
370,Gram,DK,55.2895,9.0491,57.58,76,75,14.97,broken clouds
371,Wattegama,LK,6.7989,81.4808,81.16,64,72,8.12,broken clouds
372,Hirara,JP,24.8,125.2833,80.65,85,96,25.12,overcast clouds
373,Kirkwall,GB,58.9848,-2.9587,51.96,82,75,12.66,broken clouds
374,Kirakira,SB,-10.4544,161.9205,78.8,86,66,10.71,broken clouds
375,Port Antonio,JM,18.18,-76.4612,93.0,73,44,9.42,light rain
376,Arti,RU,56.4234,58.5328,55.65,94,100,9.13,overcast clouds
377,Santiago Del Estero,AR,-27.7951,-64.2615,82.92,22,32,20.94,scattered clouds
378,Avera,US,33.194,-82.5271,78.31,53,0,9.44,clear sky
379,Los Llanos De Aridane,ES,28.6585,-17.9182,76.75,84,20,13.8,few clouds
380,Ancud,CL,-41.8697,-73.8203,45.23,51,3,6.02,clear sky
381,Zelenoborsk,RU,61.4669,64.0333,55.45,49,67,9.93,broken clouds
382,Malinovskiy,RU,61.1953,62.8397,53.65,54,52,7.09,broken clouds
383,Ust-Maya,RU,60.4167,134.5333,38.07,77,100,3.09,overcast clouds
384,Maceio,BR,-9.6658,-35.7353,81.84,65,75,9.22,broken clouds
385,Aykhal,RU,66.0,111.5,26.6,94,97,24.34,light snow
386,Hobyo,SO,5.3505,48.5268,77.29,77,37,27.13,scattered clouds
387,Sibu,MY,2.3,111.8167,75.13,97,100,0.89,overcast clouds
388,Butte,US,39.6499,-121.5677,61.02,71,0,9.22,clear sky
389,Hwange,ZW,-18.3693,26.5019,87.66,19,0,7.09,clear sky
390,Menongue,AO,-14.6585,17.691,91.22,7,39,2.75,scattered clouds
391,Sydney Mines,CA,46.2367,-60.2177,58.24,68,88,15.01,overcast clouds
392,Gizo,SB,-8.103,156.8419,82.33,77,75,10.0,broken clouds
393,Fort Frances,CA,48.5999,-93.4003,62.17,94,100,0.0,overcast clouds
394,Naze,JP,28.3667,129.4833,79.14,88,100,39.19,overcast clouds
395,Cockburn Town,TC,21.4612,-71.1419,84.16,74,40,11.5,scattered clouds
396,La Palma,US,33.8464,-118.0467,70.5,84,75,3.44,broken clouds
397,Pyu,MM,18.4833,96.4333,75.27,97,100,7.83,light rain
398,La Ronge,CA,55.1001,-105.2842,50.45,67,97,5.48,overcast clouds
399,Xining,CN,36.6167,101.7667,57.63,75,57,1.23,broken clouds
400,Matane,CA,48.8286,-67.522,52.93,63,4,18.75,clear sky
401,Huambo,AO,-12.7761,15.7392,86.54,9,91,4.23,overcast clouds
402,Mackenzie,CA,55.2999,-123.1698,46.62,93,100,3.44,overcast clouds
403,Murgab,TM,37.4966,61.9714,80.71,22,5,8.68,clear sky
404,Mersing,MY,2.4312,103.8405,77.7,89,80,4.59,broken clouds
405,Acoua,YT,-12.7239,45.0582,78.71,68,8,1.3,clear sky
406,Moriyama,JP,35.0667,135.9833,80.15,94,100,12.03,light rain
407,Alofi,NU,-19.0595,-169.9187,76.24,81,10,11.56,clear sky
408,Mudanjiang,CN,44.5833,129.6,60.71,96,96,1.9,overcast clouds
409,Namatanai,PG,-3.6667,152.4333,78.75,75,99,7.76,overcast clouds
410,Dubrovytsya,UA,51.5744,26.565,59.77,53,100,6.24,overcast clouds
411,Kelo,TD,9.3086,15.8066,77.67,81,95,6.89,overcast clouds
412,Puntarenas,CR,9.9763,-84.8384,81.64,78,34,5.06,scattered clouds
413,Nanortalik,GL,60.1432,-45.2371,46.11,85,100,2.57,overcast clouds
414,Asyut,EG,27.181,31.1837,91.65,19,0,13.65,clear sky
415,Ketchikan,US,55.3422,-131.6461,48.67,93,40,4.61,scattered clouds
416,Kijang,KR,35.2442,129.2139,74.55,88,100,10.11,overcast clouds
417,Kieta,PG,-6.2167,155.6333,78.03,85,13,6.22,light rain
418,High Level,CA,58.5169,-117.136,51.91,93,100,13.8,shower rain
419,Yumen,CN,40.2833,97.2,68.54,29,93,8.63,overcast clouds
420,Oussouye,SN,12.485,-16.5469,82.31,72,100,3.98,light rain
421,Krasnoselkup,RU,65.7,82.4667,49.46,78,100,9.91,overcast clouds
422,Gibara,CU,21.1097,-76.1317,88.92,66,24,16.93,few clouds
423,Lichinga,MZ,-13.3128,35.2406,73.81,35,79,4.97,broken clouds
424,Pipri,IN,19.8,75.5333,76.15,83,87,5.39,overcast clouds
425,Portree,GB,57.4129,-6.1942,52.52,90,100,12.48,overcast clouds
426,Quchan,IR,37.106,58.5095,67.51,34,1,6.82,clear sky
427,Umm Lajj,SA,25.0213,37.2685,86.14,63,2,11.23,clear sky
428,Karatau,KZ,43.1667,70.4667,70.0,21,100,7.56,overcast clouds
429,Imbituba,BR,-28.24,-48.6703,67.86,60,60,5.26,broken clouds
430,Ugoofaaru,MV,5.6667,73.0,81.95,72,29,9.51,scattered clouds
431,Kununurra,AU,-15.7667,128.7333,69.78,73,29,2.3,scattered clouds
432,Loandjili,CG,-4.7561,11.8578,75.94,78,100,9.17,overcast clouds
433,Komsomolskiy,UZ,40.4272,71.7189,75.92,38,48,4.61,scattered clouds
434,Kuytun,RU,54.3419,101.5036,40.32,76,50,4.43,scattered clouds
435,Dudinka,RU,69.4058,86.1778,34.63,98,100,13.35,snow
436,Nuevo Progreso,MX,23.1667,-97.95,81.12,69,51,0.31,broken clouds
437,Ngunguru,NZ,-35.6167,174.5,50.25,79,35,4.85,scattered clouds
438,Wahiawa,US,21.5028,-158.0236,71.76,86,75,3.44,broken clouds
439,Northam,GB,51.0333,-4.2167,61.39,59,94,10.92,overcast clouds
440,Acapulco,MX,16.8634,-99.8901,75.02,94,100,5.75,overcast clouds
441,Zhenlai,CN,45.8495,123.2973,60.94,42,0,14.58,clear sky
442,Manaure,CO,11.7751,-72.4445,84.94,67,82,4.32,broken clouds
443,Husavik,IS,66.0449,-17.3389,44.8,72,100,3.02,overcast clouds
444,Miracema Do Tocantins,BR,-9.5618,-48.3967,100.76,26,66,8.88,broken clouds
445,Wawa,NG,9.9022,4.4192,76.57,89,100,4.25,light rain
446,Yaan,NG,7.3833,8.5667,73.85,92,100,6.71,light rain
447,Tuy Hoa,VN,13.0833,109.3,78.73,86,42,3.56,scattered clouds
448,Viedma,AR,-40.8135,-62.9967,59.18,62,100,11.79,overcast clouds
449,Vila Franca Do Campo,PT,37.7167,-25.4333,77.41,76,46,7.76,scattered clouds
450,Kabalo,CD,-6.05,26.9167,85.77,48,73,8.61,broken clouds
451,Cerrito,CO,6.8432,-72.694,62.38,71,100,1.45,overcast clouds
452,Ostrovnoy,RU,68.0531,39.5131,49.37,96,100,11.61,overcast clouds
453,Kudamatsu,JP,34.0,131.8667,82.36,85,100,10.74,heavy intensity rain
454,Beira,MZ,-19.8436,34.8389,77.09,78,20,17.27,few clouds
455,Uchiza,PE,-8.4592,-76.4633,80.44,63,56,2.77,broken clouds
456,Atherton,GB,53.5237,-2.4935,61.9,57,25,7.0,scattered clouds
457,Barcelos,PT,41.5388,-8.6151,83.91,41,100,2.17,overcast clouds
458,Flinders,AU,-34.5833,150.8552,58.37,62,20,5.01,few clouds
459,Naugachhia,IN,25.4,87.1,83.75,78,100,4.92,moderate rain
460,Olafsvik,IS,64.8945,-23.7142,48.2,76,98,7.34,overcast clouds
461,San Joaquin,US,37.9333,-121.3011,62.55,76,0,10.36,clear sky
462,Bemidji,US,47.4736,-94.8803,62.19,94,100,0.0,overcast clouds
463,Loa Janan,ID,-0.583,117.095,75.4,95,100,1.81,moderate rain
464,North Platte,US,41.1239,-100.7654,67.37,81,75,11.01,broken clouds
465,Coihaique,CL,-45.5752,-72.0662,40.95,52,20,4.61,few clouds
466,Cascais,PT,38.6979,-9.4215,87.62,66,20,5.75,few clouds
467,Saint-Pierre,RE,-21.3393,55.4781,71.28,73,0,26.46,clear sky
468,Lincoln,US,40.8,-96.667,68.16,94,100,1.01,overcast clouds
469,Mogok,MM,22.9167,96.5,65.62,98,85,2.48,overcast clouds
470,Dubai,AE,25.2582,55.3047,94.93,49,0,9.22,clear sky
471,Port Blair,IN,11.6667,92.75,81.05,80,100,12.88,overcast clouds
472,Omsukchan,RU,62.5333,155.8,28.99,80,83,4.79,broken clouds
473,Bac Lieu,VN,9.285,105.7244,79.86,85,64,9.82,broken clouds
474,Porto Seguro,BR,-16.4497,-39.0647,79.32,73,20,9.22,few clouds
475,Thompson,CA,55.7435,-97.8558,54.52,55,93,7.38,overcast clouds
476,Warri,NG,5.5167,5.75,82.24,71,100,7.38,light rain
477,Tilichiki,RU,60.4667,166.1,35.44,81,20,11.52,few clouds
478,Chum Phae,TH,16.5443,102.0992,76.39,89,99,2.59,overcast clouds
479,Roberval,CA,48.5168,-72.2324,55.92,52,66,4.97,broken clouds
480,Nabire,ID,-3.3667,135.4833,73.33,92,100,2.82,overcast clouds
481,Roma,US,43.2128,-75.4557,65.88,69,100,9.22,overcast clouds
482,Honavar,IN,14.2833,74.45,77.02,88,96,3.56,overcast clouds
483,Mount Gambier,AU,-37.8333,140.7667,49.91,93,40,17.27,scattered clouds
484,Pitimbu,BR,-7.4706,-34.8086,86.59,62,64,12.33,broken clouds
485,Mujiayingzi,CN,42.1167,118.7833,57.25,35,0,6.62,clear sky
486,Kokopo,PG,-4.352,152.2633,77.16,81,87,9.06,overcast clouds
487,Inongo,CD,-1.95,18.2667,76.3,75,82,5.7,broken clouds
488,Yining,CN,29.0361,114.5636,72.12,61,0,1.66,clear sky
489,Punta Alta,AR,-38.8759,-62.0736,68.23,54,100,5.91,overcast clouds
490,Arlit,NE,18.7369,7.3853,101.62,20,74,6.31,broken clouds
491,Galle,LK,6.0367,80.217,79.61,80,13,10.4,few clouds
492,El Cobre,CU,20.0489,-75.9469,87.24,62,20,6.91,few clouds
493,Panaba,MX,21.2833,-88.2667,84.65,76,17,9.04,few clouds
494,Rio Gallegos,AR,-51.6226,-69.2181,46.45,39,20,24.16,few clouds
495,Bogande,BF,12.9714,-0.1436,86.86,57,40,13.22,scattered clouds
496,Nicoya,CR,10.1483,-85.452,80.58,81,24,2.93,few clouds
497,Ndola,ZM,-12.9587,28.6366,85.24,17,81,3.78,broken clouds
498,Nome,US,64.5011,-165.4064,48.27,87,100,35.68,moderate rain
499,Mancio Lima,BR,-7.6142,-72.8958,89.53,45,25,0.85,scattered clouds
500,Fethiye,TR,36.6217,29.1164,82.27,49,0,5.01,clear sky
501,Ryotsu,JP,38.0833,138.4333,76.89,77,95,5.19,overcast clouds
502,Kudahuvadhoo,MV,2.6708,72.8944,82.06,68,83,6.11,broken clouds
503,Cabedelo,BR,-6.9811,-34.8339,86.67,64,74,13.53,broken clouds
504,Foshan,CN,23.0268,113.1315,87.84,54,55,6.73,broken clouds
505,Pelileo,EC,-1.3167,-78.5333,66.65,58,85,5.26,light rain
506,Hovd,MN,48.0056,91.6419,46.8,47,87,5.37,overcast clouds
507,Amapa,BR,1.0,-52.0,93.16,38,18,5.53,few clouds
508,Salym,RU,60.0625,71.4789,50.25,69,99,6.29,overcast clouds
509,Santa Cruz De La Palma,ES,28.6835,-17.7642,80.74,69,20,13.8,few clouds
510,Namtsy,RU,62.7161,129.6658,40.93,95,100,3.06,overcast clouds
511,Srednekolymsk,RU,67.45,153.6833,36.43,68,100,1.3,overcast clouds
512,Hofn,IS,64.2539,-15.2082,46.56,84,100,7.85,overcast clouds
513,Corpus Christi,US,27.8006,-97.3964,89.98,74,40,5.01,scattered clouds
514,Abha,SA,18.2164,42.5053,68.25,46,40,11.5,scattered clouds
515,Nadym,RU,65.5333,72.5167,53.53,57,100,12.64,overcast clouds
516,Whitehorse,CA,60.7161,-135.0538,33.31,86,0,1.01,clear sky
517,Luganville,VU,-15.5333,167.1667,78.06,85,55,10.67,broken clouds
518,Sao Joao Da Barra,BR,-21.6403,-41.0511,66.29,60,74,17.9,broken clouds
519,Banyo,CM,6.75,11.8167,71.17,89,100,3.31,moderate rain
520,Chabahar,IR,25.2919,60.643,82.08,83,0,3.42,clear sky
521,Nara,JP,34.6851,135.8049,80.49,61,100,11.5,heavy intensity rain
522,Felanitx,ES,39.4696,3.1483,77.95,54,77,15.66,broken clouds
523,Tobol,KZ,52.6844,62.5794,62.91,30,97,8.97,overcast clouds
524,Molo,KE,-0.2479,35.7374,57.07,86,70,4.68,moderate rain
525,Manama,BH,26.2154,50.5832,95.18,46,0,14.97,clear sky
526,Naryan-Mar,RU,67.6713,53.087,51.62,78,71,9.95,broken clouds
527,Conde,BR,-7.2597,-34.9075,85.46,62,75,13.8,broken clouds
528,Aksu,CN,41.1231,80.2644,78.13,22,100,1.9,overcast clouds
529,Gushikawa,JP,26.3544,127.8686,82.4,83,100,21.85,overcast clouds
530,Guangyuan,CN,32.442,105.823,68.23,95,83,3.96,broken clouds
531,Sarakhs,IR,36.5449,61.1577,80.82,23,0,9.13,clear sky
532,Mansa,IN,29.9833,75.3833,85.41,53,39,7.52,scattered clouds
533,Taunggyi,MM,20.7833,97.0333,64.63,97,100,2.75,overcast clouds
534,Egvekinot,RU,66.3167,-179.1667,35.62,94,100,17.72,light rain
535,Sao Felix Do Xingu,BR,-6.6447,-51.995,99.52,30,98,4.05,overcast clouds
536,Havoysund,NO,70.9963,24.6622,46.63,91,100,30.89,light rain
537,Morden,CA,49.1919,-98.1014,57.04,84,99,7.65,overcast clouds
538,Alice Springs,AU,-23.7,133.8833,57.22,26,0,0.0,clear sky
539,Levski,BG,43.3667,25.1333,75.56,59,100,6.96,overcast clouds
540,Salalah,OM,17.0151,54.0924,80.69,94,75,8.05,broken clouds
541,Santa Isabel Do Rio Negro,BR,-0.4139,-65.0192,93.63,47,64,0.83,broken clouds
542,Cururupu,BR,-1.8283,-44.8683,86.07,61,91,8.37,overcast clouds
543,Aksha,RU,50.2814,113.2867,43.03,64,98,14.67,overcast clouds
544,Sande,DE,53.5049,8.0142,59.05,72,100,22.66,overcast clouds
545,Myitkyina,MM,25.3833,97.4,75.34,97,39,1.12,scattered clouds
546,Chelbasskaya,RU,45.9792,39.3719,82.4,41,10,3.11,clear sky
547,Terra Nova,BR,-12.3667,-40.6667,80.83,45,67,8.32,broken clouds
548,Aranos,NA,-24.1333,19.1167,89.53,9,52,10.94,broken clouds
549,Gonen,TR,40.1049,27.654,92.01,14,0,2.48,clear sky
550,Bunschoten,NL,52.2333,5.3667,63.99,61,80,16.96,broken clouds
551,Tabou,CI,4.423,-7.3528,79.34,76,63,12.21,broken clouds
552,Kontagora,NG,10.3999,5.4695,72.43,96,100,4.12,overcast clouds
553,Djenne,ML,13.9061,-4.5533,87.62,54,97,10.29,overcast clouds
554,Rongcheng,CN,30.634,117.8517,70.92,76,0,3.04,clear sky
555,Dharchula,IN,29.85,80.5333,70.9,90,91,1.83,overcast clouds
556,Yelizovo,RU,53.1873,158.3805,37.11,93,2,7.0,clear sky
557,Te Anau,NZ,-45.4167,167.7167,36.45,91,97,1.1,overcast clouds
558,Seoul,KR,37.5683,126.9778,74.59,81,32,1.88,scattered clouds
559,Deer Lake,CA,49.1667,-57.4316,49.68,80,100,10.92,overcast clouds
560,Hay River,CA,60.8156,-115.7999,49.57,86,100,6.42,overcast clouds
561,Gorontalo,ID,0.5412,123.0595,74.53,94,100,3.0,overcast clouds
562,Yuanping,CN,38.7153,112.7575,68.83,56,13,2.06,few clouds
563,Altamira,BR,-3.2033,-52.2064,96.28,36,94,5.68,overcast clouds
564,Milove,UA,49.3787,40.1302,68.34,49,39,0.4,scattered clouds
565,Waggaman,US,29.9185,-90.2109,84.99,70,40,12.66,scattered clouds
566,Looc,PH,12.2605,121.9926,80.71,80,99,14.52,overcast clouds
567,Mastic Beach,US,40.7668,-72.8521,70.11,62,98,5.01,overcast clouds
568,Shimoda,JP,34.6667,138.95,75.11,90,100,13.35,overcast clouds
569,Chistogorskiy,RU,53.9835,87.3843,49.28,69,8,4.5,clear sky
570,Leningradskiy,RU,69.3833,178.4167,34.23,99,100,16.67,snow
571,Uyuni,BO,-20.4597,-66.825,49.75,18,0,18.21,clear sky
572,Honiara,SB,-9.4333,159.95,77.49,86,91,4.52,overcast clouds
573,Shelburne,CA,44.0787,-80.2041,70.75,80,80,9.91,broken clouds
574,Bukama,CD,-9.2,25.85,94.6,22,73,7.67,broken clouds
575,Camana,PE,-16.6228,-72.7111,64.6,72,57,9.93,broken clouds
576,Puerto Penasco,MX,31.3167,-113.5333,76.98,73,0,0.0,clear sky
577,Hvide Sande,DK,56.0045,8.1294,57.09,70,100,33.02,overcast clouds
578,Antofagasta,CL,-23.65,-70.4,60.08,63,7,6.31,clear sky
579,Leshukonskoye,RU,64.8989,45.7622,50.92,92,100,9.37,light rain
580,Prince Rupert,CA,54.3161,-130.3201,49.69,96,75,10.36,broken clouds
581,Lavrentiya,RU,65.5833,-171.0,43.02,96,100,22.91,light rain
582,Nurobod,UZ,40.9056,69.8023,72.81,21,100,1.05,overcast clouds
583,Pangnirtung,CA,66.1451,-65.7125,43.47,65,100,1.68,overcast clouds
584,Shubarshi,KZ,48.5872,57.1869,68.94,46,53,2.35,broken clouds
585,Victoria,HK,22.2855,114.1577,88.18,78,43,8.99,scattered clouds
586,Ossora,RU,59.2353,163.0719,38.26,74,13,7.34,few clouds
587,Kashi,CN,39.4547,75.9797,74.98,28,100,13.65,overcast clouds
588,Yanam,IN,16.7333,82.2167,78.78,91,59,5.35,broken clouds
589,Pochutla,MX,15.7432,-96.4661,71.82,96,100,2.59,overcast clouds
590,Oistins,BB,13.0667,-59.5333,87.89,74,75,14.97,broken clouds
591,Boddam,GB,57.4667,-1.7833,54.64,70,90,20.45,overcast clouds
592,Voznesenye,RU,61.0106,35.4781,49.91,88,100,10.85,overcast clouds
593,Asino,RU,56.9979,86.1452,50.07,72,100,4.32,overcast clouds
594,Nelson Bay,AU,-32.7167,152.15,62.1,58,2,15.01,clear sky
595,Jijiga,ET,9.35,42.8,71.65,55,75,5.95,broken clouds
596,Zaranj,AF,30.9667,61.8833,89.96,11,0,14.34,clear sky
597,Airai,TL,-8.9266,125.4092,60.48,65,94,1.61,overcast clouds
598,Malanville,BJ,11.8685,3.3899,81.21,76,88,3.2,moderate rain
599,Shu,KZ,43.5983,73.7614,68.61,20,9,11.27,clear sky
600,Sangin,AF,32.0728,64.8359,85.95,8,0,6.42,clear sky
601,Poum,NC,-20.2333,164.0167,74.21,71,0,17.38,clear sky
602,Hami,CN,42.8,93.45,72.43,14,56,6.96,broken clouds
603,Ladario,BR,-19.0047,-57.6017,88.09,37,0,12.66,clear sky
604,Terra Santa,BR,-2.1042,-56.4869,99.09,30,100,6.76,overcast clouds
605,Trinidad,BO,-14.8333,-64.9,90.99,31,4,5.26,clear sky
606,Maldonado,UY,-34.6667,-54.9167,67.39,54,100,17.65,overcast clouds
607,Sangmelima,CM,2.9333,11.9833,75.61,92,99,3.58,moderate rain
608,Kupino,RU,54.3663,77.2981,51.91,59,22,7.52,few clouds
609,Port Augusta,AU,-32.5,137.7667,48.25,79,9,6.51,clear sky
610,Dicabisagan,PH,17.0818,122.4157,78.08,89,100,3.33,overcast clouds
611,Belfast,GB,54.5833,-5.9333,59.59,56,75,10.36,broken clouds
612,Korla,CN,41.7597,86.1469,75.47,18,100,8.28,overcast clouds
613,Ucluelet,CA,48.9329,-125.5528,47.08,91,99,3.11,overcast clouds
614,Robertsport,LR,6.7533,-11.3686,78.03,85,60,14.99,moderate rain
615,Ojinaga,MX,29.5667,-104.4167,79.75,65,0,6.91,clear sky
616,Birao,CF,10.2849,22.7882,72.73,93,100,2.33,overcast clouds
617,Karasburg,NA,-28.0167,18.75,73.87,36,99,24.99,light rain
618,Micheweni,TZ,-4.9667,39.8333,76.66,71,98,10.56,overcast clouds
619,Palmer,US,42.1584,-72.3287,65.34,55,20,4.61,few clouds
620,Kargasok,RU,59.0556,80.8572,50.43,77,100,4.76,overcast clouds
621,Haian,CN,32.5436,120.45,73.99,1,7,6.22,clear sky
622,Bireun,ID,5.203,96.7009,79.7,81,44,4.5,scattered clouds
623,Jiujiang,CN,29.7333,115.9833,80.01,53,45,3.8,scattered clouds
624,Caucaia,BR,-3.7361,-38.6531,85.95,58,75,17.27,broken clouds
625,Karaton,ID,-6.3424,106.1045,74.44,91,72,1.66,broken clouds
626,Pak Phanang,TH,8.3511,100.202,81.36,71,72,8.21,broken clouds
627,Chara,RU,56.9064,118.2631,41.34,71,100,4.59,overcast clouds
628,Medicine Hat,CA,50.0501,-110.6683,55.22,72,24,5.01,few clouds
629,Havre-Saint-Pierre,CA,50.2334,-63.5986,48.2,55,67,18.61,broken clouds
630,Broome,US,42.2506,-75.833,72.66,71,0,3.44,clear sky
631,Den Helder,NL,52.9599,4.7593,59.99,58,40,21.99,scattered clouds
632,Nortelandia,BR,-14.4547,-56.8028,102.06,22,7,3.13,clear sky
633,Taltal,CL,-25.4,-70.4833,59.74,66,0,6.15,clear sky
634,Thung Song,TH,8.1645,99.6804,74.77,86,12,3.76,few clouds
635,Pangai,TO,-19.8,-174.35,76.48,81,7,10.89,clear sky
636,Souillac,MU,-20.5167,57.5167,71.98,78,40,14.97,light rain
637,Prainha,BR,-1.8,-53.48,94.21,40,48,5.99,scattered clouds
638,Cervo,ES,43.6702,-7.4101,68.97,68,100,19.53,overcast clouds
639,Manguito,CU,22.5881,-80.9144,87.03,63,61,10.65,broken clouds
640,Klaksvik,FO,62.2266,-6.589,52.72,72,100,5.57,overcast clouds
641,Sioux Lookout,CA,50.1001,-91.917,53.67,100,100,4.61,mist
642,Nampula,MZ,-15.1165,39.2666,83.17,27,19,11.21,few clouds
643,Borogontsy,RU,62.6683,131.1683,41.38,96,100,4.34,overcast clouds
644,Daru,PG,-9.0763,143.2092,79.11,89,94,12.21,overcast clouds
645,Toora-Khem,RU,52.4675,96.11,42.21,90,96,1.59,overcast clouds
646,Fukue,JP,32.6881,128.8419,80.47,85,100,24.94,overcast clouds
647,Kaoma,ZM,-14.7833,24.8,90.75,15,52,3.04,broken clouds
648,Brae,GB,60.3964,-1.353,49.24,70,97,18.1,overcast clouds
649,Chamonix-Mont-Blanc,FR,45.9238,6.8693,60.49,55,44,7.25,scattered clouds
650,Seydi,TM,39.4816,62.9137,80.29,20,5,10.65,clear sky
651,Bundaberg,AU,-24.85,152.35,65.21,99,40,5.75,scattered clouds
652,Biarritz,FR,43.4801,-1.5556,77.65,52,0,11.5,clear sky
653,Steenwijk,NL,52.7875,6.1208,58.01,77,54,8.01,broken clouds
654,Webuye,KE,0.6075,34.7697,68.9,81,65,4.09,light rain
655,Nioro,GM,13.35,-15.75,81.68,79,100,8.28,overcast clouds
656,Fayaoue,NC,-20.65,166.5333,74.35,68,8,13.2,clear sky
657,Roebourne,AU,-20.7833,117.1333,73.31,51,5,7.56,clear sky
658,Macon,US,39.8667,-88.9668,78.26,69,40,9.22,scattered clouds
659,Severo-Yeniseyskiy,RU,60.3725,93.0408,42.87,92,96,3.18,overcast clouds
660,Yulara,AU,-25.2406,130.9889,60.53,24,0,8.14,clear sky
661,Hella,NO,67.2,14.4333,58.05,73,0,10.36,clear sky
662,San Isidro,PE,-12.1167,-77.05,60.39,77,100,14.97,overcast clouds
663,Belmonte,BR,-15.8631,-38.8828,77.56,69,81,5.64,broken clouds
664,Diego De Almagro,CL,-26.3667,-70.05,65.14,23,56,5.66,broken clouds
665,Tygda,RU,53.1167,126.3333,48.79,99,100,6.62,moderate rain
666,Poya,NC,-21.35,165.15,67.41,80,1,6.51,clear sky
667,Rantepao,ID,-2.9701,119.8978,67.46,96,100,1.86,overcast clouds
668,Gonbad-E Qabus,IR,37.25,55.1672,82.9,29,0,3.76,clear sky
669,Vicam,MX,27.6333,-110.2833,84.54,59,0,5.44,clear sky
670,Sale,MA,34.0389,-6.8166,77.68,69,20,12.66,few clouds
671,Maun,BW,-19.9833,23.4167,90.19,11,0,5.3,clear sky
672,Charlestown,AU,-32.95,151.6667,60.58,59,0,11.99,clear sky
673,Rafai,CF,4.95,23.9167,76.96,85,86,1.88,light rain
674,Grindavik,IS,63.8424,-22.4338,52.27,71,75,4.61,broken clouds
675,Kansanshi,ZM,-12.0951,26.4273,84.18,20,71,6.24,broken clouds
676,Petrovac,RS,44.3769,21.4192,57.25,93,100,3.44,overcast clouds
677,Skegness,GB,53.1436,0.3363,64.06,53,90,17.31,overcast clouds
678,Ust-Nera,RU,64.5667,143.2,33.67,96,95,6.08,overcast clouds
679,Jaciara,BR,-15.9653,-54.9683,98.98,24,5,2.01,clear sky
680,Chernushka,RU,56.5072,56.0766,56.64,97,100,11.3,overcast clouds
681,Black Forest,US,39.0131,-104.7008,65.34,43,0,8.05,clear sky
682,Kericho,KE,-0.3677,35.2831,59.18,91,95,2.3,light rain
683,Kazachinskoye,RU,57.6953,93.2761,44.08,95,40,3.24,scattered clouds
684,Tanda,IN,26.55,82.65,77.58,91,100,4.94,moderate rain
685,Nador,MA,35.174,-2.9287,79.05,57,20,6.91,few clouds
686,Nuuk,GL,64.1835,-51.7216,50.61,93,75,10.36,broken clouds
687,Miguel Hidalgo,MX,19.4225,-99.2028,64.33,72,75,5.75,broken clouds
688,Boyolangu,ID,-8.1181,111.8935,74.68,88,38,3.91,scattered clouds
689,Nosy Varika,MG,-20.5833,48.5333,70.45,77,2,7.31,clear sky
690,Sayyan,YE,15.1718,44.3244,71.67,27,90,10.54,overcast clouds
691,Irtyshskiy,RU,58.3333,68.1333,52.36,52,81,10.49,broken clouds
692,Fallon,US,39.4735,-118.7774,62.46,30,83,8.88,broken clouds
693,Oktyabrskiy,RU,54.4815,53.471,61.57,90,100,12.68,overcast clouds
694,Trelew,AR,-43.249,-65.3051,50.9,57,100,11.72,overcast clouds
695,Vredendal,ZA,-31.6683,18.5012,61.43,61,100,21.0,overcast clouds
696,Trogir,HR,43.5125,16.2517,60.85,77,0,25.32,clear sky
697,Biak,ID,-0.9131,122.8766,75.13,82,100,5.03,overcast clouds
698,Mehamn,NO,71.0357,27.8492,46.31,100,100,18.41,drizzle rain
699,Mumford,GH,5.2618,-0.759,78.42,78,27,11.77,scattered clouds
700,Liverpool,GB,53.4106,-2.9779,62.29,61,40,18.41,scattered clouds
701,Belebey,RU,54.1167,54.1167,58.5,96,100,12.35,overcast clouds
702,Salamiyah,SY,35.0113,37.0532,91.04,17,0,13.96,clear sky
703,Buchanan,LR,5.8808,-10.0467,78.96,81,84,13.53,light rain
704,Ola,RU,59.5833,151.2833,42.84,51,0,5.88,clear sky
705,Eyl,SO,7.9803,49.8164,78.03,80,34,23.15,scattered clouds
706,Havelock,US,34.8791,-76.9013,78.78,80,0,8.05,clear sky
707,Sinnamary,GF,5.3833,-52.95,86.77,65,12,11.61,few clouds
